order,filename
1,001_WR_nez.mp4
2,002_WR_chien.mp4
3,003_WR_pouce.mp4
4,004_WR_verre.mp4
5,005_WR_lit.mp4
6,006_WR_pain.mp4
7,007_WR_pied.mp4
8,008_WR_chat.mp4
9,009_WR_oreille.mp4
10,010_WR_ballon.mp4
11,011_WR_oiseau.mp4
12,012_WR_œil.mp4
13,013_WR_chaise.mp4
14,014_WR_crayon.mp4
15,015_WR_fleur.mp4
16,016_WR_soleil.mp4
17,017_WR_poule.mp4
18,018_WR_livre.mp4
19,019_WR_clown.mp4
20,020_WR_carotte.mp4
21,021_WR_vache.mp4
22,022_WR_poisson.mp4
23,023_WR_lapin.mp4
24,024_WR_couteau.mp4
25,025_WR_etoile.mp4
26,026_WR_peigne.mp4
27,027_WR_velo.mp4
28,028_WR_escargot.mp4
29,029_WR_cle.mp4
30,030_WR_parapluie.mp4
31,031_WR_gant.mp4
32,032_WR_lunette.mp4
33,033_WR_elephant.mp4
34,034_WR_girafe.mp4
35,035_WR_araignee.mp4
36,036_WR_marteau.mp4
37,037_WR_glace.mp4
38,038_WR_sapin.mp4
39,039_WR_bateau.mp4
40,040_WR_cuisine.mp4
41,041_WR_serviette.mp4
42,042_WR_miroir.mp4
43,043_WR_cadeau.mp4
44,044_WR_main.mp4
45,045_WR_bonbon.mp4
46,046_WR_chaussure.mp4
47,047_WR_canard.mp4
48,048_WR_baignoire.mp4
49,049_WR_ville.mp4
50,050_WR_banane.mp4
51,051_WR_poing.mp4
52,052_WR_humidite.mp4
53,053_WR_classe.mp4
54,054_WR_poussiere.mp4
55,055_WR_signature.mp4
56,056_WR_compas.mp4
57,057_WR_pelican.mp4
58,058_WR_herisson.mp4
59,059_WR_hotel.mp4
60,060_WR_groupe.mp4
61,061_WR_tomate.mp4
62,062_WR_nourriture.mp4
63,063_WR_marche.mp4
64,064_WR_rhinoceros.mp4
65,065_WR_grand.mp4
66,066_WR_billet.mp4
67,066_WR_metier.mp4
68,067_WR_anniversaire.mp4
69,068_WR_conversation.mp4
70,069_WR_americain.mp4
71,070_WR_transport.mp4
72,071_WR_porte.mp4
73,072_WR_hippopotame.mp4
74,073_WR_langue.mp4
75,074_WR_marchandise.mp4
76,075_WR_journee.mp4
77,076_WR_lion.mp4
78,077_WR_arrondissement.mp4
79,078_WR_banc.mp4
80,079_WR_machine.mp4
81,080_WR_photographie.mp4
82,081_WR_imprimante.mp4
83,081_WR_situation.mp4
84,081_WR_tableau.mp4
85,082_WR_autruche.mp4
86,083_WR_champignon.mp4
87,084_WR_fabrication.mp4
88,085_WR_lune.mp4
89,086_WR_briquet.mp4
90,087_WR_muraille.mp4
91,088_WR_pomme.mp4
92,089_WR_journaliste.mp4
93,090_WR_plateau.mp4
94,091_WR_plume.mp4
95,091_WR_repos.mp4
96,092_WR_crevette.mp4
97,093_WR_casquette.mp4
98,094_WR_brouette.mp4
99,095_WR_saison.mp4
100,096_WR_poire.mp4
101,097_WR_jambe.mp4
102,098_WR_fille.mp4
103,099_WR_lait.mp4
104,100_WR_fusil.mp4
105,101_WR_couleur.mp4
106,102_WR_jardinage.mp4
107,103_WR_lama.mp4
108,104_WR_montre.mp4
109,105_WR_annuaire.mp4
110,106_WR_enveloppe.mp4
111,107_WR_odeur.mp4
112,108_WR_fantome.mp4
113,109_WR_grenouille.mp4
114,110_WR_capitaine.mp4
115,111_WR_casserole.mp4
116,112_WR_lampe.mp4
117,113_WR_lampadaire.mp4
118,114_WR_canon.mp4
119,115_WR_ordinateur.mp4
120,116_WR_fee.mp4
121,117_WR_respiration.mp4
122,118_WR_nombre.mp4
123,119_WR_kangourou.mp4
124,120_WR_bicyclette.mp4
125,121_WR_operation.mp4
126,122_WR_decorateur.mp4
127,123_WR_marguerite.mp4
128,124_WR_fourchette.mp4
129,125_WR_kiwi.mp4
130,126_WR_exercice.mp4
131,127_WR_reparation.mp4
132,128_WR_madeleine.mp4
133,129_WR_index.mp4
134,130_WR_avion.mp4
135,131_WR_recreation.mp4
136,132_WR_camarade.mp4
137,133_WR_cuillere.mp4
138,134_WR_papillon.mp4
139,135_WR_chose.mp4
140,136_WR_couverture.mp4
141,137_WR_bouton.mp4
142,138_WR_journal.mp4
143,139_WR_monsieur.mp4
144,140_WR_voiture.mp4
145,141_WR_cravate.mp4
146,142_WR_accordeon.mp4
147,143_WR_aeroport.mp4
148,144_WR_eglise.mp4
149,145_WR_appartement.mp4
150,146_WR_desert.mp4
151,147_WR_pantalon.mp4
152,148_WR_explorateur.mp4
153,149_WR_piano.mp4
154,150_WR_pyramide.mp4
155,151_WR_ange.mp4
156,152_WR_usine.mp4
157,153_WR_poulpe.mp4
158,154_WR_fermeture.mp4
159,155_WR_cafe.mp4
160,156_WR_medicament.mp4
161,157_WR_bibliotheque.mp4
162,158_WR_decoupage.mp4
163,159_WR_boulangerie.mp4
164,160_WR_arbre.mp4
165,161_WR_chateau.mp4
166,162_WR_chapeau.mp4
167,163_WR_village.mp4
168,164_WR_carte.mp4
169,165_WR_arme.mp4
170,166_WR_chanson.mp4
171,167_WR_travail.mp4
172,168_WR_automobile.mp4
173,169_WR_marchand.mp4
174,170_WR_cahier.mp4
175,170_WR_trefle.mp4
176,171_WR_plante.mp4
177,172_WR_cochon.mp4
178,173_WR_crabe.mp4
179,174_WR_caravane.mp4
180,175_WR_feuille.mp4
181,176_WR_telephone.mp4
182,177_WR_instituteur.mp4
183,178_WR_cheval.mp4
184,179_WR_avocat.mp4
185,180_WR_imitation.mp4
186,181_WR_pierre.mp4
187,182_WR_cactus.mp4
188,183_WR_koala.mp4
189,184_WR_veste.mp4
190,185_WR_chant.mp4
191,185_WR_coquelicot.mp4
192,186_WR_chimpanze.mp4
193,187_WR_manteau.mp4
194,188_WR_ile.mp4
195,189_WR_neige.mp4
196,189_WR_pasteque.mp4
197,190_WR_cygne.mp4
198,191_WR_flamme.mp4
199,192_WR_lavabo.mp4
200,193_WR_docteur.mp4
201,194_WR_asperge.mp4
202,195_WR_reconnaissance.mp4
203,196_WR_ane.mp4
204,197_WR_scie.mp4
205,198_WR_distributeur.mp4
206,199_WR_dinosaure.mp4
207,200_WR_mammifere.mp4
208,201_WR_bouche.mp4
209,202_WR_oignon.mp4
210,203_WR_chambre.mp4
211,204_WR_cigogne.mp4
212,205_WR_frere.mp4
213,206_WR_mouton.mp4
214,207_WR_television.mp4
215,208_WR_miel.mp4
216,209_WR_squelette.mp4
217,210_WR_guitare.mp4
218,211_WR_zebre.mp4
219,212_WR_ecureuil.mp4
220,213_WR_bouteille.mp4
221,214_WR_intelligent.mp4
222,215_WR_fourmi.mp4
223,216_WR_objet.mp4
224,217_WR_agrafeuse.mp4
225,217_WR_lettre.mp4
226,218_WR_tresor.mp4
227,219_WR_outil.mp4
228,220_WR_caractere.mp4
229,221_WR_ecriture.mp4
230,222_WR_crocodile.mp4
231,223_WR_balançoire.mp4
232,224_WR_aspirateur.mp4
233,225_WR_mais.mp4
234,226_WR_juste.mp4
235,227_WR_coquillage.mp4
236,228_WR_esperance.mp4
237,229_WR_artichaut.mp4
238,230_WR_harpe.mp4
239,231_WR_panthere.mp4
